datetime,chat_id,prompt,reply,character,rating
2021-07-17-03:08:44,584959812,Ghbdtn,Model for character ЧЕНДЛЕР not loaded.,ЧЕНДЛЕР,1
2021-07-17-03:33:24,584959812,"Привет, дурашка) Я скучал",ФИБИ:  Ладно уж. Итак! Как ммм… Твоя свадьба?,ФИБИ,1
2021-07-17-03:33:50,584959812,Всё прекрасно. А ты как?,"ФИБИ:  Ну, я себя чувствую так хорошо из-за Дэви и Алисы.",ФИБИ,1
2021-07-17-03:34:39,415713765,"Фибс, родная, ты здорова?",ФИБИ:  Ага!,ФИБИ,1
2021-07-17-03:42:06,415713765,Привет!,Model for character РЕЙЧЕЛ not loaded.,РЕЙЧЕЛ,0
2021-07-17-03:42:27,415713765,Привет!,"ФИБИ:  Ой, это так интересно. О Боже.",ФИБИ,1
2021-07-17-00:59:21,415713765,Привет,"ФИБИ:  Да ладно, ничего страшного. Я просто подумал.",ФИБИ,1
2021-07-17-00:59:32,415713765,"Как ты, Фибичка?",ФИБИ:  Хорошо. Я в порядке.,ФИБИ,1
2021-07-17-00:59:41,415713765,Ты мой друг?,"ФИБИ:  Да, я так хорош в этой сцене. Я просто хочу быть с ней все время.",ФИБИ,1
2021-07-17-00:59:53,415713765,"О, мой, бог!!!",ФИБИ:  Ой-ой!,ФИБИ,1
2021-07-17-01:00:05,415713765,Привет!,Model for character ДЖОУИ not loaded.,ДЖОУИ,0
2021-07-17-01:11:22,415713765,Привет!,ДЖОУИ:  Что ты имеешь в виду?,ДЖОУИ,0
2021-07-17-01:11:34,415713765,"Как дела, дружище?!",ДЖОУИ:  Да ничего особенного. Я только что поговорил с режиссером и продюсером Бенджамином Франклиным.,ДЖОУИ,1
2021-07-17-01:11:46,415713765,Привет!,"МОНИКА:  Вы знаете, я слышал о вас много хорошего.",МОНИКА,1
2021-07-17-01:12:02,415713765,"Я о тебе тоже, конфетка!","МОНИКА:  Вы использовали историю Европы. Кто-нибудь еще думает пойти на игру ""Никс""?",МОНИКА,0
2021-07-17-01:12:24,415713765,"Совершенно не понимаю, о чём ты...",МОНИКА:  Ладно тебе! Прекрати вести себя как идиот. Ты меня больше никогда никуда без крайней необходимости с собой ни в каком виде НЕ ПОДКЛЮЧАЕШ,МОНИКА,1
2021-07-17-01:13:06,415713765,"Ты себя хорошо чувствуешь, голова не болит?",МОНИКА:  Я в порядке-д. Голова больше ни на что сегодня неспособна.,МОНИКА,1
2021-07-17-01:13:29,415713765,Привет!,"РЕЙЧЕЛ:  О, я просто не могу в это поверить. Он сказал ""нет"". То есть он ни с кем особо даже и близко отношения иметь нельзЯ.",РЕЙЧЕЛ,0
2021-07-17-01:14:16,415713765,"Подруга, привет! Не узнала?",РЕЙЧЕЛ:  Ну конечно узнал. Вы похожи на йети или что-то в этом роде.,РЕЙЧЕЛ,1
2021-07-17-01:14:30,415713765,Привет!,РОСС:  Я только что разговаривал с Эмили по телефону. Ей пришлось отказаться от поездки в связи со съемками.,РОСС,1
2021-07-17-01:14:50,415713765,"Сочувствую, приятель. Должно быть, тебе сейчас нелегко.",РОСС:  Не испытываю к Рэйчел чувств!,РОСС,1
2021-07-17-01:15:04,415713765,Рассказывай мне тут...,"РОСС:  Я не хочу быть холостяком, ладно? Мне просто нужно найти кого-нибудь.",РОСС,1
2021-07-17-01:15:28,415713765,Привет!,"ФИБИ:  Как вы думаете, с этим парнем я бы сняла видео.",ФИБИ,1
2021-07-17-01:15:55,415713765,"Не кажется ли тебе, что это слишком? Вы не так давно знакомы...",ФИБИ:  Да ладно вам! Это как-то неловко.,ФИБИ,1
2021-07-17-01:16:04,415713765,На то и был расчёт,ФИБИ:  О.,ФИБИ,1
2021-07-17-01:16:28,415713765,Привет!,"ЧЕНДЛЕР:  Я не могу поверить, что пробыл здесь почти семь секунд и ничего о тебе даже слышать. Ты такой милый.",ЧЕНДЛЕР,1
2021-07-17-01:16:45,415713765,"Спасибо, Чен! Надеюсь, ты говоришь это искренне!",ЧЕНДЛЕР:  Я не флиртовал.,ЧЕНДЛЕР,1
2021-07-17-01:16:56,415713765,Оно и заметно.,"ЧЕНДЛЕР:  Да, но я только.",ЧЕНДЛЕР,0
2021-07-17-01:20:42,415713765,"Жив ещё, Чен?",ЧЕНДЛЕР:  Ну как можно не любить Ясмин Блепе?!,ЧЕНДЛЕР,0
2021-07-17-06:45:28,415713765,Привет,"ЧЕНДЛЕР:  Да ладно, мы соседи по комнате!",ЧЕНДЛЕР,1
2021-07-17-06:45:42,415713765,"Привет, дружок",ЧЕНДЛЕР:  Да ничего страшного. Я просто хотел уточнить кое-что по рекламе.,ЧЕНДЛЕР,0
2021-07-17-06:45:55,415713765,Привет!,РОСС:  Вы были под куртками?,РОСС,0
2021-07-17-06:46:17,415713765,Расскажи про динозавров?,"РОСС:  Ну, это не совсем точно. Но мы встретили в парке парня-красавчика и подумали - а почему бы нам просто ему ничего прямо здесь у вас на глазах?!<",РОСС,0
2021-07-17-06:47:13,415713765,Привет!,"ЧЕНДЛЕР:  Итак, до свидания на свадьбах.",ЧЕНДЛЕР,0
2021-07-17-06:47:14,353852664,Привет!,МОНИКА:  Вы пахнете духами и сигаретами.,МОНИКА,1
2021-07-17-06:47:17,153419762,Привет!,"МОНИКА:  Я просто наклею на это ярлык ""бесит"".",МОНИКА,1
2021-07-17-06:47:24,334292330,Привет!,МОНИКА:  Это было твое окно.,МОНИКА,1
2021-07-17-06:47:27,334292330,Привет!,МОНИКА:  Это было твое окно.,МОНИКА,1
2021-07-17-06:47:39,77444360,Привет!,ДЖОУИ:  Я буду в порядке. Это просто туфля.,ДЖОУИ,0
2021-07-17-06:47:40,353852664,Как жизнь?,"МОНИКА:  Нулевой час. Вы начинаете с мытья не раньше, чем через два часа после того дня Благодарения в.",МОНИКА,0
2021-07-17-06:47:55,77444360,Хватит петь в ванной,ДЖОУИ:  Вы готовы к работе?,ДЖОУИ,0
2021-07-17-06:48:12,415713765,Джоуи твой друг?,"ЧЕНДЛЕР:  Нет, нет-ноги в коленях.",ЧЕНДЛЕР,0
2021-07-17-06:48:18,153419762,Привет!,РЕЙЧЕЛ:  О.,РЕЙЧЕЛ,0
2021-07-17-06:48:20,153419762,Привет!,РЕЙЧЕЛ:  О.,РЕЙЧЕЛ,1
2021-07-17-06:48:25,353852664,Серёжа молодец?,"МОНИКА:  Он правда едет?! Я думал, он в Африке. Ладно ладно.",МОНИКА,0
2021-07-17-06:48:25,334292330,Я хочу спать,"МОНИКА:  Ладно, я пойду. Увидимся утром.",МОНИКА,0
2021-07-17-06:48:26,334292330,Я хочу спать,"МОНИКА:  Ладно, я пойду. Увидимся утром.",МОНИКА,0
2021-07-17-06:48:29,334292330,Я хочу спать,"МОНИКА:  Ладно, я пойду. Увидимся утром.",МОНИКА,1
2021-07-17-06:48:34,415713765,Привет!,ФИБИ:  Я не могу в это поверить. Почему ты ему солгал?,ФИБИ,0
2021-07-17-06:48:34,77444360,Что ты думаешь о работе,"ДЖОУИ:  Думаю, я мог бы переспать с актрисой.",ДЖОУИ,1
2021-07-17-06:48:37,664120481,Привет!,"РОСС:  Эй, а Рейчел здесь?",РОСС,1
2021-07-17-06:48:48,353852664,Что ты думаешь о работе?,"МОНИКА:  О, это отличная работа!",МОНИКА,1
2021-07-17-06:48:52,580389561,Привет!,"РЕЙЧЕЛ:  Ну что ж, посмотрим. Может быть.",РЕЙЧЕЛ,1
2021-07-17-06:48:52,415713765,"Я не лгал ему, Фибс!",ФИБИ:  Ладно вам двоим… Вам с Алисой нужно поговорить. Вы знаете что? Не волнуйтесь об этом.,ФИБИ,1
2021-07-17-06:48:56,334292330,Ты такая красивая!,"МОНИКА:  Да, и мне очень жаль. Но вы не обязаны делать все подарки.",МОНИКА,1
2021-07-17-06:49:05,153419762,"Привет фиб, как дела?",ФИБИ:  Я в депрессии. Нет ничего хуже этого.,ФИБИ,1
2021-07-17-06:49:20,153419762,Привет!,ЧЕНДЛЕР:  Я не это имел в виду. Вы видели биту Джои?,ЧЕНДЛЕР,1
2021-07-17-06:49:22,580389561,Чем занималась сегодня?,"РЕЙЧЕЛ:  Я обзвонил всех людей в телефонной книге Моники, и это единственные люди на свете. которые заинтересованы во мне больше всего!",РЕЙЧЕЛ,1
2021-07-17-06:49:34,580389561,Какие планы на вечер?,"РЕЙЧЕЛ:  Да никаких, я просто сижу рядом со своим парнем.",РЕЙЧЕЛ,1
2021-07-17-07:09:43,415713765,Привет!,"ДЖОУИ:  Эй, эй. Я знаю это имя? Это актерское упражнение для тебя.",ДЖОУИ,0
2021-07-17-07:09:53,77444360,Привет!,"РЕЙЧЕЛ:  Вы только посмотрите. Я имею ввиду, это просто ужасно.",РЕЙЧЕЛ,0
2021-07-17-07:09:57,415713765,"Как ты, котик?",ДЖОУИ:  Ну как это называется?! Я ем только кожу и жир!,ДЖОУИ,0
2021-07-17-07:10:12,77444360,Ты хочешь рассказать презентацию?,"РЕЙЧЕЛ:  Нет, я просто хочу сказать ""спасибо"" за то прекрасное время. Это было так здорово!",РЕЙЧЕЛ,0
2021-07-17-07:10:25,415713765,Ты норм?,"ДЖОУИ:  Да, да и просто чтобы вы знали - я не вернусь к вам.",ДЖОУИ,1
2021-07-17-07:10:47,415713765,Ты любишь Королеву?,"ДЖОУИ:  Ага, эй-эй. Знаешь что - мы могли бы сделать это в туалете клуба!",ДЖОУИ,0
2021-07-17-07:10:49,77444360,Где у тебя лежат деньги?,"РЕЙЧЕЛ:  Ну, знаешь что - я не знаю. Умм.",РЕЙЧЕЛ,1
2021-07-17-07:10:53,77444360,Где у тебя лежат деньги?,"РЕЙЧЕЛ:  Ну, знаешь что - я не знаю. Умм.",РЕЙЧЕЛ,0
2021-07-17-07:11:00,353852664,Ты добивалась чего-то через постель?,"МОНИКА:  Нет, не в этом дело. Просто ты была так хороша и соблазнительна.",МОНИКА,1
2021-07-17-07:11:05,415713765,Что за неуважение к британской короне?(,"ДЖОУИ:  Я не знал, что мне нужно сначала попрощаться со столом.",ДЖОУИ,0
2021-07-17-07:11:19,77444360,Какие у тебя привычки?,"РЕЙЧЕЛ:  Я не знаю, я никогда раньше этого ни от кого другого… э-э. Не ожидал увидеть здесь так скоро.",РЕЙЧЕЛ,0
2021-07-17-07:11:21,353852664,Путин,МОНИКА:  Он нас познакомит?,МОНИКА,1
2021-07-17-07:11:31,353852664,Путана,"МОНИКА:  Нет-нет, я не против брака. Просто было любопытно.",МОНИКА,1
2021-07-17-07:11:47,415713765,Что нужно доработать?,"ДЖОУИ:  Дать детям простора для самовыражения. Понимаете, дать им возможность проявить себя в полной мере.",ДЖОУИ,1
2021-07-17-07:12:08,353852664,Что пожелаешь участникам смены?,"МОНИКА:  Чтобы следующие десять лет у них не было годовщины, они оба поссорились.",МОНИКА,1
2021-07-17-07:12:46,673807253,Привет!,"ДЖОУИ:  Я только что разговаривал с режиссером. Он хочет снять вас в одной сцене, и вы как бы проходите мимо негостеприимно.",ДЖОУИ,1
2021-07-17-07:12:56,673807253,Привет!,"РОСС:  Вы, ребята.",РОСС,0
2021-07-17-07:13:08,111415597,Привет!,"РОСС:  Эй, а Рейчел здесь?",РОСС,1
2021-07-17-07:13:55,111415597,Ты делал это?,"РОСС:  Ну, я… ну да ладно.",РОСС,0
2021-07-17-07:14:04,673807253,Привет!,"ФИБИ:  Да, но не тот парень. Тот высокий симпатичный шатен с первого этажа.",ФИБИ,1
2021-07-17-07:14:07,353852664,Что пожелаешь участникам смены?,"МОНИКА:  Я знаю, что вы планируете мой свадебный душ-сюрприз.",МОНИКА,1
2021-07-17-07:14:32,353852664,Что пожелаешь участникам смены?,"ДЖОУИ:  Ну, желаю удачи!",ДЖОУИ,1
2021-07-17-07:18:05,758215151,Привет!,ЧЕНДЛЕР:  Мы в это играем?!,ЧЕНДЛЕР,1
2021-07-17-07:19:33,415713765,"Все хорошо, Джо?","ДЖОУИ:  Да-да. И я обещаю вам не пить ни пива в эти выходные., а на День Благодарения - индейку!",ДЖОУИ,1
2021-07-17-07:19:57,415713765,Привет!,"РЕЙЧЕЛ:  О, это так мило. Я просто не могу себе представить тебя с кем-нибудь другим.",РЕЙЧЕЛ,0
2021-07-17-07:20:09,415713765,"Как дела, gal pal Rachel Green?",РЕЙЧЕЛ:  Да ладно вам! Вы не дали мне закончить. О нет-нет…,РЕЙЧЕЛ,0
2021-07-17-07:20:19,353852664,Что пожелаешь участникам смены?,"РЕЙЧЕЛ:  Ну что ж, мы должны сыграть их вслепую!",РЕЙЧЕЛ,0
2021-07-17-07:20:38,353852664,Привет!,"РОСС:  Я только что разговаривал с Эмили по телефону. Она сказала, чтобы я позвонил ей прямо сейчас и предложил пожениться.",РОСС,1
2021-07-17-07:20:47,353852664,Что пожелаешь участникам смены?,"РОСС:  Ну, если вы знаете истории других лагерей - это здорово. Я имею в виду не только историю этого лагеря.",РОСС,0
2021-07-17-07:21:02,353852664,Что пожелаешь участникам смены?,"ФИБИ:  Ну, желаю вам удачи в карьере.",ФИБИ,1
2021-07-17-07:21:06,415713765,Привет!,"ЧЕНДЛЕР:  Я знаю, извини. Мне просто нужно знать почему.",ЧЕНДЛЕР,0
2021-07-17-07:21:15,415713765,Тебе нравится моя собака Лисси?,"ЧЕНДЛЕР:  Нет, нет-ноги моей больше не будет!",ЧЕНДЛЕР,1
2021-07-17-07:21:37,353852664,Привет!,"ЧЕНДЛЕР:  Я знаю, что в СанФранциско будет много малышек. Это естественный инстинкт.",ЧЕНДЛЕР,1
2021-07-17-07:21:41,415713765,Привет!,"ФИБИ:  Я просто, дело в том. У меня есть подруга из колледжа.",ФИБИ,0
2021-07-17-07:23:43,353852664,Привет!,"ФИБИ:  Ой, как мило. Это мой первый день рождения с парнем и ему нужно работать.",ФИБИ,1
2021-07-17-07:24:13,353852664,Как твоё здоровье?,"ФИБИ:  Отлично! У меня очередной инфаркт, и я в коме.",ФИБИ,1
2021-07-17-07:24:24,353852664,Привет!,"ДЖОУИ:  Эй, а что было в этой коричневой банке?",ДЖОУИ,0
2021-07-17-07:25:00,353852664,Куда ты сегодня пойдешь?,"ДЖОУИ:  Ой, я тоже пойду! Сегодня рожаю близнецов. Это будет мой ребенок.",ДЖОУИ,0
2021-07-17-07:25:11,442593607,Привет!,"ЧЕНДЛЕР:  Итак, мы подумали о трех вещах. Во-первых.",ЧЕНДЛЕР,1
2021-07-17-07:25:23,353852664,Какие планы на сегодня?,ДЖОУИ:  Я должен кому-нибудь рассказать!,ДЖОУИ,0
2021-07-17-07:25:34,353852664,Привет!,"ЧЕНДЛЕР:  Итак, до свидания на Рождество.",ЧЕНДЛЕР,1
2021-07-17-07:29:11,415713765,"Спасибо, что игнорируешь меня...",ФИБИ:  Ну вот.,ФИБИ,1
2021-07-17-07:32:21,415713765,Что стоило бы доработать?,"ФИБИ:  Ну ладно, теперь ты знаешь все рифмованные слова. Теперь я отпущу тебя только тогда.",ФИБИ,1
2021-07-17-07:34:30,903616686,Привет!,"МОНИКА:  Вы знаете, ребята. Нам нужно двигаться вперед и вверх по социальной лестнице.",МОНИКА,0
2021-07-17-07:35:05,501958997,Привет!,ДЖОУИ:  Я просто пописаю на улице.,ДЖОУИ,0
2021-07-17-07:35:18,903616686,У тебя есть дети.,"МОНИКА:  Да, Росс и я думали о том… Вы не возражаете если мы будем практиковать искусство соблазнения?",МОНИКА,0
2021-07-17-07:35:30,501958997,привет,"ДЖОУИ:  Эй, а что было в той коричневой банке?",ДЖОУИ,0
2021-07-17-07:35:41,501958997,как дела,"ДЖОУИ:  Да, я только что был в ванной. Я мыл голову.",ДЖОУИ,0
2021-07-17-07:35:57,501958997,Привет!,ЧЕНДЛЕР:  Это мистер Гарибальди играет на пианино.,ЧЕНДЛЕР,1
2021-07-17-07:36:19,415713765,"Как ты, приятель Джо?",ФИБИ:  Ну как дела с сумасшествием?! Я имею в виду тебя.,ФИБИ,1
2021-07-17-07:37:24,415713765,Привет!,"РЕЙЧЕЛ:  О, милый. Это было полное недоразумение.",РЕЙЧЕЛ,1
2021-07-17-07:37:31,269056560,Привет!,"РОСС:  Я хочу вернуть эту кушетку. Она, она очень расстроена из-за этого.",РОСС,1
2021-07-17-07:37:47,77444360,Ты похожа на балабобу?,"РЕЙЧЕЛ:  Нет, я ничем не болен. Просто оставайся за занавеской!",РЕЙЧЕЛ,0
2021-07-17-07:37:54,415713765,"Рейч, неужели мы больше не будем вместе?",РЕЙЧЕЛ:  Ну что ж. Я просто старался быть вежливым!,РЕЙЧЕЛ,1
2021-07-17-07:38:03,269056560,Почему ты на негативе?,"ФИБИ:  Это не мое, я бы сжег эту квартиру к черту!",ФИБИ,0
2021-07-17-07:38:27,269056560,Что?,"ЧЕНДЛЕР:  Я говорю, вы должны выбрать одного мужчину и заставить его думать. Затем ты затачиваешь ему клинок.",ЧЕНДЛЕР,1
2021-07-17-07:38:33,269056560,Что?,"ЧЕНДЛЕР:  Я говорю, вы должны выбрать одного мужчину и заставить его думать. Затем ты затачиваешь ему клинок.",ЧЕНДЛЕР,0
2021-07-17-07:38:33,903616686,Тебе нравится Дженис?,"ЧЕНДЛЕР:  Да, я имею в виду ""А"", он может проснуться и вспомнить все плохие слова.",ЧЕНДЛЕР,0
2021-07-17-07:38:35,903616686,Тебе нравится Дженис?,"ЧЕНДЛЕР:  Да, я имею в виду ""А"", он может проснуться и вспомнить все плохие слова.",ЧЕНДЛЕР,0
2021-07-17-07:38:38,903616686,Тебе нравится Дженис?,"ЧЕНДЛЕР:  Да, я имею в виду ""А"", он может проснуться и вспомнить все плохие слова.",ЧЕНДЛЕР,0
2021-07-17-07:38:44,77444360,Ты похожа на балабобу?,"РЕЙЧЕЛ:  Нет, я ничем не болен. Просто оставайся за занавеской!",РЕЙЧЕЛ,0
2021-07-17-07:38:47,269056560,Привет!,"МОНИКА:  Я Моника, супер-тетя.",МОНИКА,1
2021-07-17-07:38:48,334292330,Какой прекрасный день!,"ЧЕНДЛЕР:  Да, было здорово. Знаешь что? Мне нужно пойти переодеться к игре ""Никс"".",ЧЕНДЛЕР,1
2021-07-17-07:38:50,415713765,У вас с Россом был перерыв?,"РЕЙЧЕЛ:  Ага, это было больно.",РЕЙЧЕЛ,1
2021-07-17-07:39:01,269056560,Как дела?,"МОНИКА:  Хорошо, я подумал о том месте в газете которое вы намитировали.",МОНИКА,0
2021-07-17-07:39:03,334292330,Какой прекрасный день!,"ЧЕНДЛЕР:  Да, было здорово. Знаешь что? Мне нужно пойти переодеться к игре ""Никс"".",ЧЕНДЛЕР,1
2021-07-17-07:39:07,903616686,Где мой сандвич?,"РОСС:  Ой, понимаешь.",РОСС,0
2021-07-17-07:39:27,269056560,Какие планы?,"ЧЕНДЛЕР:  Ой, знаешь что… мне все равно! Это ничего не значит.",ЧЕНДЛЕР,1
2021-07-17-07:39:39,334292330,Хочется спать. Я пойду.,"ЧЕНДЛЕР:  Знаешь что, нам надо выключить порно.",ЧЕНДЛЕР,1
2021-07-17-07:40:07,903616686,Дважды разведённый,РОСС:  Я был у психиатра на работе.,РОСС,1
2021-07-17-07:40:32,334292330,Пальцы?,"ЧЕНДЛЕР:  Да, большие пальцы.",ЧЕНДЛЕР,1
2021-07-17-07:40:36,334292330,Пальцы?,"ЧЕНДЛЕР:  Да, большие пальцы.",ЧЕНДЛЕР,1
2021-07-17-07:40:52,269056560,Что ты любишь?,"РЕЙЧЕЛ:  Ну что ж, я не могу вам сказать тост. Это все равно ничего бы мне уже никогда НЕ сделало!",РЕЙЧЕЛ,0
2021-07-17-07:41:02,415713765,Хеллоу!,"РЕЙЧЕЛ:  Я просто говорю, что она работала намного лучше меня. И если вы думаете о ""Работающей девушке"", это лучшее место на земле.",РЕЙЧЕЛ,0
2021-07-17-07:41:16,269056560,Привет!,"РОСС:  Да, я знаю этот взгляд.",РОСС,1
2021-07-17-07:41:23,334292330,"Чендлер, прочитай мне стих!",ЧЕНДЛЕР:  Это здорово. Знаешь что? Думаю сегодня вечером все на работе знают мое имя.,ЧЕНДЛЕР,0
2021-07-17-07:41:27,415713765,Тебе нравятся анекдоты от неолега?,"РЕЙЧЕЛ:  Нет, я бы их вообще никому никогда Не рассказывал. Это шокирует!",РЕЙЧЕЛ,1
2021-07-17-07:41:39,289249642,Привет!,ДЖОУИ:  Что-то смешное в этом имени?,ДЖОУИ,0
2021-07-17-07:41:40,269056560,Почему?,"РОСС:  Потому что, если вы не знаете историю Космической горы.",РОСС,0
2021-07-17-07:41:41,334292330,Что случилось?,"ЧЕНДЛЕР:  Я хочу, чтобы ты ушел.",ЧЕНДЛЕР,0
2021-07-17-07:41:55,269056560,Как дела?,РОСС:  Я собираюсь взлетать.,РОСС,1
2021-07-17-07:42:04,289249642,Ещё,"ДЖОУИ:  Я просто подумал, раз уж ты беременна…",ДЖОУИ,0
2021-07-17-07:42:06,269056560,Это отлично!,РОСС:  А теперь вы хотите одолжение?,РОСС,1
2021-07-17-07:42:25,255547109,Как дела?,ЧЕНДЛЕР:  Я только что сделал.,ЧЕНДЛЕР,1
2021-07-17-07:42:27,255547109,Как дела?,ЧЕНДЛЕР:  Я только что сделал.,ЧЕНДЛЕР,0
2021-07-17-07:42:30,255547109,Как дела?,ЧЕНДЛЕР:  Я только что сделал.,ЧЕНДЛЕР,0
2021-07-17-07:42:31,353852664,Привет!,"РЕЙЧЕЛ:  Я не могу пойти на свой выпускной без свидания, поэтому беру самоотвод.",РЕЙЧЕЛ,1
2021-07-17-07:42:32,334292330,Что стало с Кипом?,"ЧЕНДЛЕР:  Он выпал из розетки, когда его брат пыталсяebay. Я не знаю парня.",ЧЕНДЛЕР,1
2021-07-17-07:42:34,334292330,Что стало с Кипом?,"ЧЕНДЛЕР:  Он выпал из розетки, когда его брат пыталсяebay. Я не знаю парня.",ЧЕНДЛЕР,1
2021-07-17-07:42:36,289249642,Привет!,"МОНИКА:  Мы здесь, чтобы выбрать свою елку.",МОНИКА,0
2021-07-17-07:42:36,269056560,Какое время в Лондоне?,"РОСС:  Ну, мы с Джоуи обсуждали возможность сыграть на клавишных.",РОСС,1
2021-07-17-07:42:37,334292330,Что стало с Кипом?,"ЧЕНДЛЕР:  Он выпал из розетки, когда его брат пыталсяebay. Я не знаю парня.",ЧЕНДЛЕР,1
2021-07-17-07:42:38,334292330,Что стало с Кипом?,"ЧЕНДЛЕР:  Он выпал из розетки, когда его брат пыталсяebay. Я не знаю парня.",ЧЕНДЛЕР,1
2021-07-17-07:42:38,269056560,Какое время в Лондоне?,"РОСС:  Ну, мы с Джоуи обсуждали возможность сыграть на клавишных.",РОСС,1
2021-07-17-07:42:53,255547109,Хочешь секс?,"ЧЕНДЛЕР:  Да, и не только потому. Видишь ли… я написал себе записку со словами любви к богу.",ЧЕНДЛЕР,1
2021-07-17-07:43:00,353852664,Тебе нравится неолег от анекдота?,"РЕЙЧЕЛ:  О, это так мило. Я люблю их обоих.",РЕЙЧЕЛ,1
2021-07-17-07:44:14,334292330,Я и есть женщина,"ЧЕНДЛЕР:  Ладно, ладно. Хорошо выглядишь.",ЧЕНДЛЕР,1
2021-07-17-07:44:16,334292330,Я и есть женщина,"ЧЕНДЛЕР:  Ладно, ладно. Хорошо выглядишь.",ЧЕНДЛЕР,0
2021-07-17-07:44:37,255547109,Как тебе эмо?,ЧЕНДЛЕР:  Эмоциональный рюкзак?!,ЧЕНДЛЕР,1
2021-07-17-07:44:50,506449095,"Спасибо за поддержку, Фиби",ФИБИ:  Я не ожидал этого!,ФИБИ,1
2021-07-17-07:44:58,314440785,Привет!,"ФИБИ:  Я так завидую, что вы все идете. Это дает мне чувство наполненности.",ФИБИ,1
2021-07-17-07:45:39,314440785,Привет!,ЧЕНДЛЕР:  Я просто ем конфеты.,ЧЕНДЛЕР,0
2021-07-17-07:46:00,314440785,Привет!,ЧЕНДЛЕР:  Это мистер Гарибальди играет на пианино.,ЧЕНДЛЕР,1
2021-07-17-07:46:10,137443218,Привет!,"ФИБИ:  О, это мой свадебный распорядитель. Она сводит меня с ума!""",ФИБИ,0
2021-07-17-07:47:01,415713765,"Рейчел, зачем ты так жестоко поступила с Эмили?",РЕЙЧЕЛ:  Потому что я злился на тебя. Я думал только о том дне со мной и Россом.,РЕЙЧЕЛ,1
2021-07-17-07:50:56,353852664,"МГУ, ВМК",РЕЙЧЕЛ:  Да ладно тебе! Что ты сделал?,РЕЙЧЕЛ,0
2021-07-17-07:51:21,353852664,Я студент Вышки,"РЕЙЧЕЛ:  Да ладно, я тоже не лыком шупал.",РЕЙЧЕЛ,1
2021-07-17-07:51:42,415713765,Вышка - отрыжка,"РЕЙЧЕЛ:  Да, это поможет вам попасть в "" Дайджест мыльной оперы"".",РЕЙЧЕЛ,1
2021-07-17-07:52:01,415713765,МГУ - топ,"РЕЙЧЕЛ:  Я знаю, что это было подло и эгоистично с моей стороны. Но мне очень понравились эти последние девять месяцев! Так почему бы вам просто не дать ему второй шанс",РЕЙЧЕЛ,0
2021-07-17-07:52:20,415713765,Путин - красавчик?,"РЕЙЧЕЛ:  Да, но не совсем. Он в свитере.",РЕЙЧЕЛ,1
2021-07-17-07:53:08,255547109,Приготовь блинчики,МОНИКА:  Я не умею готовить!,МОНИКА,1
2021-07-17-07:53:12,255547109,Приготовь блинчики,МОНИКА:  Я не умею готовить!,МОНИКА,0
2021-07-17-07:53:20,255547109,Приготовь блинчики,МОНИКА:  Я не умею готовить!,МОНИКА,1
2021-07-17-07:53:40,255547109,Как дела?,"МОНИКА:  Ну, Росс не может точно сказать когда именно. Но ммм 30 секунд назад он ехал в кресле.",МОНИКА,1
2021-07-17-07:53:55,255547109,Какие новости,МОНИКА:  Росс женился на Рэйчел в Вегасе!,МОНИКА,1
2021-07-17-07:54:49,415713765,Джоуи,"РЕЙЧЕЛ:  Я думал, этот парень женат.",РЕЙЧЕЛ,0
2021-07-17-07:55:07,334292330,Ты умеешь плавать?,"ЧЕНДЛЕР:  Да, я умею гладко. Знаешь что… нам нужно выключить порно.",ЧЕНДЛЕР,0
2021-07-17-07:55:08,334292330,Ты умеешь плавать?,"ЧЕНДЛЕР:  Да, я умею гладко. Знаешь что… нам нужно выключить порно.",ЧЕНДЛЕР,1
2021-07-17-07:55:09,334292330,Ты умеешь плавать?,"ЧЕНДЛЕР:  Да, я умею гладко. Знаешь что… нам нужно выключить порно.",ЧЕНДЛЕР,0
2021-07-17-07:55:17,334292330,Можешь быть мягче?,"ЧЕНДЛЕР:  Нет, я имел в виду пальцы. Знаешь почему - потому что ты можешь положить лед себе на горло.",ЧЕНДЛЕР,0
2021-07-17-07:55:19,334292330,Можешь быть мягче?,"ЧЕНДЛЕР:  Нет, я имел в виду пальцы. Знаешь почему - потому что ты можешь положить лед себе на горло.",ЧЕНДЛЕР,0
2021-07-17-07:55:21,334292330,Можешь быть мягче?,"ЧЕНДЛЕР:  Нет, я имел в виду пальцы. Знаешь почему - потому что ты можешь положить лед себе на горло.",ЧЕНДЛЕР,0
2021-07-17-07:55:24,334292330,Можешь быть мягче?,"ЧЕНДЛЕР:  Нет, я имел в виду пальцы. Знаешь почему - потому что ты можешь положить лед себе на горло.",ЧЕНДЛЕР,0
2021-07-17-07:55:25,334292330,Можешь быть мягче?,"ЧЕНДЛЕР:  Нет, я имел в виду пальцы. Знаешь почему - потому что ты можешь положить лед себе на горло.",ЧЕНДЛЕР,1
2021-07-17-07:55:36,334292330,Можешь быть мягче?,"ЧЕНДЛЕР:  Нет, я имел в виду пальцы. Знаешь почему - потому что ты можешь положить лед себе на горло.",ЧЕНДЛЕР,0
2021-07-17-07:56:08,334292330,"Что делать, если закончилась еда?",ЧЕНДЛЕР:  Тогда мы посыпаем кровать педалями роз и займемся любовью. Я имею в виду секс на балконе.,ЧЕНДЛЕР,0
2021-07-17-07:56:26,334292330,"Что делать, если закончилась еда?",ЧЕНДЛЕР:  Тогда мы посыпаем кровать педалями роз и займемся любовью. Я имею в виду секс на балконе.,ЧЕНДЛЕР,1
2021-07-17-07:57:00,334292330,"Думаю, они нас увидят",ЧЕНДЛЕР:  Мы переберемся ради ребенка?,ЧЕНДЛЕР,0
2021-07-17-07:57:01,334292330,"Думаю, они нас увидят",ЧЕНДЛЕР:  Мы переберемся ради ребенка?,ЧЕНДЛЕР,0
2021-07-17-07:57:13,334292330,Секс на балконе? А если люди увидят?,"ЧЕНДЛЕР:  Они не видели Джоуи. И они знают, что мы знаем.",ЧЕНДЛЕР,1
2021-07-17-07:57:36,334292330,Расскажи секрет,"ЧЕНДЛЕР:  Ну, секретов нет.",ЧЕНДЛЕР,1
2021-07-17-07:57:38,334292330,Расскажи секрет,"ЧЕНДЛЕР:  Ну, секретов нет.",ЧЕНДЛЕР,1
2021-07-17-07:58:14,415713765,Привет!,"ЧЕНДЛЕР:  Итак, что происходило с вами сегодня?",ЧЕНДЛЕР,1
2021-07-17-07:59:49,415713765,Привет!,"РЕЙЧЕЛ:  О нет, не извиняйся. Я имею в виду давай.",РЕЙЧЕЛ,0
2021-07-17-08:01:16,415713765,Привет!,ДЖОУИ:  Я просто пописаю на улице.,ДЖОУИ,1
2021-07-17-08:01:42,415713765,Не хочешь пыхнуть дымного кальчубасика?,"ДЖОУИ:  Нет, я не курю.",ДЖОУИ,1
2021-07-17-08:03:33,289249642,А что с ней?,"ФИБИ:  Да, и вы тоже.",ФИБИ,1
2021-07-17-08:03:35,289249642,А что с ней?,"ФИБИ:  Да, и вы тоже.",ФИБИ,1
2021-07-17-08:03:39,289249642,А что с ней?,"ФИБИ:  Да, и вы тоже.",ФИБИ,1
2021-07-17-08:03:41,289249642,А что с ней?,"ФИБИ:  Да, и вы тоже.",ФИБИ,0
2021-07-17-08:04:08,289249642,Ты снова хочешь курить?,"ЧЕНДЛЕР:  Да, и я думаю о том дне недели. Это будет так странно - впервые за много месяцев мы собираемся вместе в семейном кругу.",ЧЕНДЛЕР,0
2021-07-17-08:04:21,289249642,Так хочешь ли ты курить?,"ЧЕНДЛЕР:  Да, но держу пари на 50 баксов. НАЖМИТЕ!",ЧЕНДЛЕР,0
2021-07-17-08:05:08,415713765,Привет!,"ЧЕНДЛЕР:  Я не могу поверить, что пробыл здесь почти семь секунд и ничего для тебя значить. Ты такой классный.",ЧЕНДЛЕР,1
2021-07-17-08:05:26,415713765,Не хочешь пыхнуть дымного кальчубасика?,"ЧЕНДЛЕР:  Нет, спасибо. Я только что выпил M amp E.",ЧЕНДЛЕР,1
2021-07-17-08:05:34,289249642,Бахнем по сигаретке?,"ЧЕНДЛЕР:  Я возьму одну. Хорошо, Росс в комнате Моники и Дэннис на кушетках у журнального столика.",ЧЕНДЛЕР,1
2021-07-17-08:05:35,289249642,Бахнем по сигаретке?,"ЧЕНДЛЕР:  Я возьму одну. Хорошо, Росс в комнате Моники и Дэннис на кушетках у журнального столика.",ЧЕНДЛЕР,0
2021-07-17-08:05:37,289249642,Бахнем по сигаретке?,"ЧЕНДЛЕР:  Я возьму одну. Хорошо, Росс в комнате Моники и Дэннис на кушетках у журнального столика.",ЧЕНДЛЕР,0
2021-07-17-08:14:33,415713765,Привет!,"МОНИКА:  Я здесь делаю кучу всего, что может вам пригодиться. Например.",МОНИКА,1
2021-07-17-08:14:52,415713765,Как ты относишься к бардаку в квартире?,МОНИКА:  Я не убирался 30 лет!,МОНИКА,0
2021-07-17-08:18:28,925218203,Привет!,"ДЖОУИ:  Да, это та игра в покер на понижение с двумя закрытыми глазами. Вы получаете все очки Росса.",ДЖОУИ,0
2021-07-17-08:18:47,925218203,Привет!,"ДЖОУИ:  Эй, эй. Я не смотрел ту ах.",ДЖОУИ,0
2021-07-17-08:18:57,925218203,Привет!,"ДЖОУИ:  Эй, а кто хочет пиццу с курицей?",ДЖОУИ,1
2021-07-17-08:19:14,925218203,Ещё,"ДЖОУИ:  А, вы меняете квартиры?",ДЖОУИ,0
2021-07-17-08:19:23,925218203,Привет!,МОНИКА:  Я только что спросила.,МОНИКА,1
2021-07-17-08:19:31,925218203,Привет!,МОНИКА:  Я не двигаюсь.,МОНИКА,1
2021-07-17-08:19:40,925218203,Еще,"МОНИКА:  Я знаю, что вы новичок в этом и хотите попробовать свои силы. Но мы решили дать вам небольшую практику.",МОНИКА,0
2021-07-17-08:19:54,925218203,А,"МОНИКА:  Что ж, Росс и Ванесса не единственные в медовом месяце. У меня есть парень!",МОНИКА,0
2021-07-17-08:20:07,925218203,Привет!,"РЕЙЧЕЛ:  Ну, я не знаю об этом. Я просто хочу сказать ""спасибо"" за то хорошее дело ты делаешь каждый год.",РЕЙЧЕЛ,0
2021-07-17-08:20:19,193145859,Привет!,"ЧЕНДЛЕР:  Итак, как продвигается эта ужасно неуместная влюбленность в Рэйчел?",ЧЕНДЛЕР,1
2021-07-17-08:20:21,925218203,Е,"РЕЙЧЕЛ:  Я не могу пойти на свой выпускной без свидания, понимаешь? Потому что я знаю - и это меня убивает! И единственный человек в мире кто хочет моей смерти-это Росс. Но",РЕЙЧЕЛ,0
2021-07-17-08:20:30,193145859,Привет!,"ДЖОУИ:  Я просто хочу поблагодарить вас, ребята за эту прекрасную возможность.",ДЖОУИ,1
2021-07-17-08:20:38,193145859,Привет!,"ФИБИ:  Я знаю, что он лучший. Он вытащил меня из грустной группы поддержки.",ФИБИ,1
2021-07-17-08:20:49,193145859,Привет!,"РЕЙЧЕЛ:  О, милый пиджак. Как давно ты знаешь?",РЕЙЧЕЛ,0
2021-07-17-08:20:53,925218203,Еще,РЕЙЧЕЛ:  Я не могу пойти! Это слишком странно. Она была хороша?,РЕЙЧЕЛ,0
2021-07-17-08:20:54,267325601,Привет!,"ДЖОУИ:  Да, и знаете что? Это никогда не дойдет до этого места. Вы просто будете присматривать за цыпленком Раморея.",ДЖОУИ,0
2021-07-17-08:21:05,267325601,Привет!,"РОСС:  Я только что обнаружил, но это не моя вещь.",РОСС,1
2021-07-17-08:21:08,925218203,Ещё,"РЕЙЧЕЛ:  Я знаю, это огромно! Но мы можем пообедать и в следующий раз вы не будете чувствовать себя так из-за стола.",РЕЙЧЕЛ,0
2021-07-17-08:21:16,193145859,Привет!,ЧЕНДЛЕР:  О.,ЧЕНДЛЕР,0
2021-07-17-08:21:16,925218203,Ш,"РЕЙЧЕЛ:  Я думал, Чендлер был твоим лучшим другом.",РЕЙЧЕЛ,1
2021-07-17-08:21:26,925218203,А,"РЕЙЧЕЛ:  О, это было здорово! Знаешь что? Это даже не на улице. Я имею в виду нас здесь.",РЕЙЧЕЛ,0
2021-07-17-08:21:37,925218203,Э,"РЕЙЧЕЛ:  Я просто не хочу, чтобы мне было 30 и я все еще здесь работаю.",РЕЙЧЕЛ,0
2021-07-17-08:21:41,267325601,Привет!,"ФИБИ:  Я не знала, что вы были женаты. Оо?",ФИБИ,1
2021-07-17-08:21:45,925218203,Ф,"РЕЙЧЕЛ:  Я думал, Чендлер был в квартире. О боже! Что я буду делать?!",РЕЙЧЕЛ,1
2021-07-17-08:21:50,267325601,Привет!,"РЕЙЧЕЛ:  О, Фиби сказала мне ужасные вещи о тебе и Чендлере.",РЕЙЧЕЛ,1
2021-07-17-08:21:59,925218203,Привет!,"РОСС:  Я просто хочу кое-что тебе сказать, прежде чем ты услышишь это от кого угодно другого.",РОСС,1
2021-07-17-08:22:07,267325601,Привет!,"ЧЕНДЛЕР:  Я не знал, что это у Моники. Вы должны увидеть здесь кое-что особенное.",ЧЕНДЛЕР,1
2021-07-17-08:22:08,925218203,А,"РОСС:  Да, но я не хочу быть холостяком. Я имею в виду тех людей вокруг меня.",РОСС,1
2021-07-17-08:22:15,925218203,Е,"РОСС:  Ну, я думаю…",РОСС,1
2021-07-17-08:22:16,267325601,Привет!,"РОСС:  Я только что разговаривал с Эмили по телефону, и похоже она в порядке. Что ж.",РОСС,1
2021-07-17-08:22:27,925218203,А,"РОСС:  Я знаю, я имею в виду - это то место на Земле где люди впервые столкнулись с серьезными заболеваниями. Думаю мы как группа можем быть приняты под опеку правительством!",РОСС,0
2021-07-17-08:22:32,267325601,Привет!,"РОСС:  Я просто рада, что принесла лишнюю пару носков. Потому-то я так обрадовалась вашему подарку.",РОСС,1
2021-07-17-08:22:33,925218203,А,"РОСС:  Ладно, ладно. Я просто хотел сказать привет.",РОСС,1
2021-07-17-08:22:38,925218203,А,"РОСС:  Ладно, ладно! Я просто хочу кое-что проверить.",РОСС,1
2021-07-17-08:22:42,267325601,Привет!,"РОСС:  Вы знаете, мы тусуемся вместе. И если я пойду туда и-и представлю его вам в своем истинном лице…",РОСС,1
2021-07-17-08:22:45,925218203,А,РОСС:  Я собираюсь взлетать.,РОСС,0
2021-07-17-08:22:52,267325601,Привет!,"МОНИКА:  Как дела, мама?",МОНИКА,1
2021-07-17-08:22:55,925218203,А,"РОСС:  Я не хочу, чтобы Рэйчел меня ненавидела. Знаешь что? Мне все равно! Это твое время пришло - ты его получил.",РОСС,1
2021-07-17-08:23:11,925218203,А,"РОСС:  Да, это верно. III хотел бы быть рядом с тобой и твоим малышом в эти счастливые времена.",РОСС,0
2021-07-17-08:23:18,925218203,А,РОСС:  Я хочу карту Wicked Pants!,РОСС,0
2021-07-17-08:23:25,925218203,А,"РОСС:  Я не хочу, чтобы Рэйчел меня ненавидела. И я очень рад за нее.",РОСС,1
2021-07-17-08:23:32,925218203,А,"РОСС:  Я не хочу, чтобы Рэйчел меня ненавидела. И я очень надеюсь на то…",РОСС,1
2021-07-17-08:23:42,925218203,А,"РОСС:  Я знаю, что должен. Если ты не чувствуешь Как будто сегодня побыть одни.",РОСС,1
2021-07-17-08:23:47,925218203,А,РОСС:  Я не хочу знать!,РОСС,1
2021-07-17-08:23:53,925218203,А,"РОСС:  Я знаю, что это за работа!",РОСС,1
2021-07-17-08:23:57,267325601,Привет!,"ДЖОУИ:  Выглядит хорошо, а?",ДЖОУИ,1
2021-07-17-08:23:58,925218203,А,РОСС:  Я хочу поговорить сейчас!,РОСС,1
2021-07-17-08:24:03,925218203,А,"РОСС:  Вы, ребята.",РОСС,1
2021-07-17-08:24:08,925218203,А,"РОСС:  Ну, а разве тебе не нужно идти?",РОСС,1
2021-07-17-08:24:13,925218203,А,РОСС:  Я хочу карту!,РОСС,1
2021-07-17-08:24:19,925218203,А,РОСС:  Я хочу карту Wicked Paw!,РОСС,0
2021-07-17-08:24:27,925218203,А,РОСС:  Я не могу сейчас с этим справиться. Мне нужно родить ребенка.,РОСС,1
2021-07-17-08:24:33,925218203,А,РОСС:  Вы не хотите мне верить?,РОСС,1
2021-07-17-08:24:41,925218203,А,"РОСС:  Я хочу вернуть эту кушетку. Она, она даже не знает о ее существовании!",РОСС,1
2021-07-17-08:24:46,925218203,А,РОСС:  Я хочу поговорить об этом.,РОСС,1
2021-07-17-08:24:53,925218203,А,"РОСС:  Я знаю, где будет Джоуи. Он в классе Бена.",РОСС,0
2021-07-17-08:24:59,925218203,А,"РОСС:  Я знаю, что ты меня любишь.",РОСС,1
2021-07-17-08:25:17,925218203,Привет!,"ФИБИ:  Да, я знаю. Я просто хотел еще раз извиниться и… показать вам кое-что.",ФИБИ,0
2021-07-17-08:25:24,925218203,К,"ФИБИ:  Ооо, обожаю! Это так интересно. Знаешь что? Ты можешь остаться здесь на весь день.",ФИБИ,1
2021-07-17-08:25:30,925218203,А,"ФИБИ:  Ну, если ты не хочешь идти на концерт.",ФИБИ,1
2021-07-17-08:25:35,925218203,А,"ФИБИ:  Да ладно, я тоже хочу посмотреть!",ФИБИ,1
2021-07-17-08:25:39,925218203,А,ФИБИ:  О.,ФИБИ,1
2021-07-17-08:25:45,925218203,А,"ФИБИ:  Я, я не хочу быть причиной твоего несчастья. Это сделало бы меня Сьюзен.",ФИБИ,1
2021-07-17-08:25:54,925218203,А,"ФИБИ:  Ну, я думаю… мне нужно немного ослабить завязки на кошельке.",ФИБИ,1
2021-07-17-08:25:59,925218203,А,"ФИБИ:  Да ладно, не волнуйтесь.",ФИБИ,1
2021-07-17-08:26:06,925218203,А,"ФИБИ:  Я знаю, что нет. Он мог быть замаскированным или кем-то еще!",ФИБИ,1
2021-07-17-08:26:13,925218203,А,"ФИБИ:  Я знаю, что он там. Он просто очень требователен к своим пациентам.",ФИБИ,1
2021-07-17-08:26:19,925218203,А,"ФИБИ:  Это был мой папа, это он. Его точные слова были.",ФИБИ,1
2021-07-17-08:26:24,925218203,А,ФИБИ:  О.,ФИБИ,1
2021-07-17-08:26:32,925218203,А,"ФИБИ:  Это было сразу после того, как мы жили вместе под одной крышей и ты всегда был немного сверху.",ФИБИ,0
2021-07-17-08:26:41,925218203,А,"ФИБИ:  Я, я не хочу быть компьютерщиком или пожарным. Да ладно вам ребята! Вы делаете одно доброе дело.",ФИБИ,1
2021-07-17-08:26:45,925218203,А,"ФИБИ:  Я, конечно же!",ФИБИ,1
2021-07-17-08:27:01,925218203,А,"ФИБИ:  Да, я думаю о том дне с Сергеем. Вы помните тот день в парке? Мы пошли на то свидание там.",ФИБИ,1
2021-07-17-08:27:12,925218203,А,"ФИБИ:  Да, и я не хочу пропустить бой.",ФИБИ,1
2021-07-17-08:27:18,925218203,А,"ФИБИ:  О, Боже! Джои и Чендлер вернулись?",ФИБИ,1
2021-07-17-08:27:25,925218203,А,"ФИБИ:  Я, я нашел один.",ФИБИ,1
2021-07-17-08:27:30,925218203,А,"ФИБИ:  Я просто думаю, что вы так боитесь обязательств. Ты не можешь держать руки подальше друг от друга.",ФИБИ,1
2021-07-17-08:27:36,925218203,А,"ФИБИ:  Я просто думаю, что это действительно плохой знак.",ФИБИ,1
2021-07-17-08:27:48,925218203,change,"ФИБИ:  Ладно, ну ладно. Вы сказали мне переехать к вам жить!",ФИБИ,0
2021-07-17-08:27:58,925218203,Привет!,ЧЕНДЛЕР:  Это так гламурно.,ЧЕНДЛЕР,1
2021-07-17-08:28:08,925218203,F,"ЧЕНДЛЕР:  Ну, может это потому что я никогда не выходил из комнаты. Никто другой этого сделать просто физически НЕ МОЖЕТ!",ЧЕНДЛЕР,0
2021-07-17-08:28:16,925218203,Д,"ЧЕНДЛЕР:  Я не могу понять, что мне делать с тобой.",ЧЕНДЛЕР,1
2021-07-17-08:28:24,925218203,А,ЧЕНДЛЕР:  Это про вы с Ричардом. Ты не можешь со мной этого делать.,ЧЕНДЛЕР,0
2021-07-17-08:28:33,925218203,А,"ЧЕНДЛЕР:  Ну, может это потому что я сделал тебе подарок прошлой ночью.",ЧЕНДЛЕР,0
2021-07-17-08:28:36,925218203,А,"ЧЕНДЛЕР:  Ну, может это потому что я сделал тебе подарок прошлой ночью.",ЧЕНДЛЕР,0
2021-07-17-08:28:43,925218203,А,"ЧЕНДЛЕР:  Ну, это не убьет вас - во всяком случае меня. Но хуже всего то время.",ЧЕНДЛЕР,0
2021-07-17-08:28:49,925218203,А,"ЧЕНДЛЕР:  Ладно, ладно. Вы все увидите своими глазами… через пару часов.",ЧЕНДЛЕР,1
2021-07-17-08:28:56,925218203,А,"ЧЕНДЛЕР:  Я знаю, это звучит безумно. Но мы так живем! И поэтому я под столом.",ЧЕНДЛЕР,1
2021-07-17-08:29:02,925218203,А,"ЧЕНДЛЕР:  Ладно, я пойду на суши. Эй-эй! Вы готовы к вечеринке?!",ЧЕНДЛЕР,0
2021-07-17-08:29:08,925218203,А,ЧЕНДЛЕР:  Я хочу бросить спортзал.,ЧЕНДЛЕР,1
2021-07-17-08:29:13,925218203,А,"ЧЕНДЛЕР:  Я не хочу, чтобы она вернулась к Майклу Джексону!",ЧЕНДЛЕР,1
2021-07-17-08:29:19,925218203,А,"ЧЕНДЛЕР:  Я не хочу, чтобы ты снова попадался на эту уловку. Ты сказал ей.",ЧЕНДЛЕР,1
2021-07-17-08:29:25,925218203,А,"ЧЕНДЛЕР:  Я не знаю, я просто делал все эти сумасшедшие вещи. Не могу поверить в то дерьмо.",ЧЕНДЛЕР,1
2021-07-17-08:29:31,925218203,А,"ЧЕНДЛЕР:  Я не могу сейчас с тобой разговаривать, мне нужно найти Монику!",ЧЕНДЛЕР,1
2021-07-17-08:29:35,925218203,А,"ЧЕНДЛЕР:  Ладно, это было похоже на крепкое объятие.",ЧЕНДЛЕР,1
2021-07-17-08:29:43,925218203,А,"ЧЕНДЛЕР:  Ну, я подумал о четвертом. Вы знаете кого-нибудь из молодых?",ЧЕНДЛЕР,0
2021-07-17-08:29:51,925218203,А,"ЧЕНДЛЕР:  Я знаю, я мог бы это сделать.",ЧЕНДЛЕР,1
2021-07-17-08:29:57,925218203,А,"ЧЕНДЛЕР:  Да, я имею в виду карьеру. Ты станешь легендой!",ЧЕНДЛЕР,0
2021-07-17-08:30:06,925218203,А,"ЧЕНДЛЕР:  Да, я могу себе это позволить. У меня даже есть несколько отцов на работе.",ЧЕНДЛЕР,0
2021-07-17-08:30:11,925218203,А,"ЧЕНДЛЕР:  Это все, что мы искали.",ЧЕНДЛЕР,1
2021-07-17-08:30:16,925218203,А,"ЧЕНДЛЕР:  Ладно, это не мы придумали.",ЧЕНДЛЕР,1
2021-07-17-08:30:24,925218203,А,"ЧЕНДЛЕР:  Я думаю, мы делаем из этого слишком большое дело. Вы должны выбрать одного парня и провести с ним целый день.",ЧЕНДЛЕР,0
2021-07-17-08:30:33,925218203,А,"ЧЕНДЛЕР:  Я просто хочу сказать, что я стою за этим экспериментом. Это своего рода проверка на вшивость.",ЧЕНДЛЕР,0
2021-07-17-08:31:29,313360094,Привет!,"ФИБИ:  Ой, как мило. Оо-ой.",ФИБИ,1
2021-07-17-08:32:19,925218203,А,"ЧЕНДЛЕР:  Я не могу, я тебя НЕ ЛЮБЛЮ!",ЧЕНДЛЕР,1
2021-07-17-08:32:25,925218203,А,"ЧЕНДЛЕР:  Ну, знаешь.",ЧЕНДЛЕР,1
2021-07-17-08:32:31,925218203,А,"ЧЕНДЛЕР:  Ладно, ладно! Я не могу этого сделать.",ЧЕНДЛЕР,1
2021-07-17-08:32:35,925218203,А,ЧЕНДЛЕР:  Я не это имел в виду!,ЧЕНДЛЕР,1
2021-07-17-08:32:56,925218203,Привет,"ЧЕНДЛЕР:  Я просто зашел, чтобы оставить. Ах да! Чуть не забыл кое-что сказать вам обоим.",ЧЕНДЛЕР,0
2021-07-17-08:33:02,925218203,Как дела?,"ЧЕНДЛЕР:  Я в ванной, ты можешь зайти сюда?!",ЧЕНДЛЕР,1
2021-07-17-08:33:09,925218203,Могу,"ЧЕНДЛЕР:  Да, и это стало бы официальной линией партии. Но мы этого не делаем.",ЧЕНДЛЕР,1
2021-07-17-08:33:18,925218203,Почему?,"ЧЕНДЛЕР:  Потому что, если Санта и Праздник. Это не равная сделка.",ЧЕНДЛЕР,1
2021-07-17-08:33:33,925218203,Как твоё настроение?,"ЧЕНДЛЕР:  Знаешь, что со мной толькочто пришло в голову?! Я подумал об этом и давай сделаем это!",ЧЕНДЛЕР,1
2021-07-17-08:33:42,925218203,Давай! Что?,"ЧЕНДЛЕР:  Ну, ты понимаешь. Ты думаешь о времени и забываешь обо мне.",ЧЕНДЛЕР,1
2021-07-17-08:33:56,925218203,Я о тебе не могу забыть.,"ЧЕНДЛЕР:  Ну, знаешь что? Это было бы безумием.",ЧЕНДЛЕР,1
2021-07-17-08:33:57,255547109,"ДЖОУИ:  Да, я просто подумал. Я не хочу оставлять тебя на высоте.",МОНИКА:  Вы все время так говорите.,МОНИКА,1
2021-07-17-08:34:03,255547109,"ДЖОУИ:  Да, я просто подумал. Я не хочу оставлять тебя на высоте.",МОНИКА:  Вы все время так говорите.,МОНИКА,1
2021-07-17-08:34:08,925218203,"Что ты видел,",ЧЕНДЛЕР:  То есть я был никем до тебя. Я не такой уж и маленький.,ЧЕНДЛЕР,1
2021-07-17-08:34:16,925218203,Ты маленький.,"ЧЕНДЛЕР:  Ладно, я пойду в ванную.",ЧЕНДЛЕР,1
2021-07-17-08:34:19,255547109,"ДЖОУИ:  Да, я просто подумал. Я не хочу оставлять тебя на высоте.",РОСС:  Эй-эй!,РОСС,1
2021-07-17-08:34:31,925218203,Спокойной ночи!,"ЧЕНДЛЕР:  Да, я имею в виду ту португальскую пару. Вы действительно крадете их с танцевальной вечеринки?",ЧЕНДЛЕР,1
2021-07-17-08:34:37,925218203,Да,"ЧЕНДЛЕР:  Хорошо, я дам вам подсказку Я ей объясню.",ЧЕНДЛЕР,0
2021-07-17-08:35:12,925218203,Что ты думаешь о Монике?,"ЧЕНДЛЕР:  Не могу поверить, что она замужем.",ЧЕНДЛЕР,1
2021-07-17-08:35:49,925218203,Что ты думаешь о Джоуи?,"ЧЕНДЛЕР:  Я думаю, что на сегодняшний день ""Голый четверг"" - лучший фильм. Послушайте меня!",ЧЕНДЛЕР,1
2021-07-17-08:36:01,925218203,Что ты думаешь о Рейчел?,ЧЕНДЛЕР:  Она хорошенькая.,ЧЕНДЛЕР,1
2021-07-17-08:36:14,925218203,Что ты думаешь о Фиби?,"ЧЕНДЛЕР:  Она милая, она забавная. Не замужем.",ЧЕНДЛЕР,1
2021-07-17-08:36:29,334292330,Опиши идеального парня,"ФИБИ:  Высокий, статный. У него карие глаза и смуглая кожа.",ФИБИ,1
2021-07-17-08:36:31,925218203,Что ты думаешь о Ричарде?,"ЧЕНДЛЕР:  Я не разговаривал с ним много лет, но я уверен что он крутой и властный.",ЧЕНДЛЕР,1
2021-07-17-08:36:46,925218203,Что ты думаешь о Монике?,"ЧЕНДЛЕР:  Она милая, забавная и понимает тебя с полуслова. Вы когда-нибудь слышали историю Стивена Кинга?!",ЧЕНДЛЕР,1
2021-07-17-08:36:53,334292330,Тебе нравятся зелёные глаза?,ФИБИ:  О.,ФИБИ,0
2021-07-17-08:37:00,925218203,Что ты думаешь о Дженис?,"ЧЕНДЛЕР:  Ну, она такая. Не знаю.",ЧЕНДЛЕР,1
2021-07-17-08:37:12,925218203,Что ты думаешь о Чендлере?,"ЧЕНДЛЕР:  Я не знаю, Моника выбирала цветы.",ЧЕНДЛЕР,1
2021-07-17-08:37:22,925218203,Что ты думаешь о себе?,"ЧЕНДЛЕР:  Я думал, что сегодня твой большой юбилейный ужин.",ЧЕНДЛЕР,0
2021-07-17-08:37:50,925218203,Что ты думаешь о дне Благодарения?,"ЧЕНДЛЕР:  Ну, это здорово!",ЧЕНДЛЕР,1
2021-07-17-08:38:01,925218203,Ты любишь день Благодарения?,ЧЕНДЛЕР:  Я не люблю этот глупый праздник.,ЧЕНДЛЕР,1
2021-07-17-08:38:11,925218203,Ты замужем?,"ЧЕНДЛЕР:  Нет, я вышла замуж. За Дугласа.",ЧЕНДЛЕР,0
2021-07-17-08:38:16,925218203,Ты женат?,"ЧЕНДЛЕР:  Нет, я не замужем. Но спасибо за предупреждение.",ЧЕНДЛЕР,1
2021-07-17-08:38:29,334292330,Какой сон тебе снился?,"ФИБИ:  Да, мне приснился мистер Хеклз. Он сказал… он дал понять моему телу и мозгу - быть с ним в гармонии означает для меня стать одной из тех",ФИБИ,1
2021-07-17-08:38:32,925218203,Как зовут сестру Джоуи?,ЧЕНДЛЕР:  Рэйчел. У нее самое лучшее тело.,ЧЕНДЛЕР,1
2021-07-17-08:38:43,334292330,Хочу домой,"ФИБИ:  Я хочу увидеть своего отца. Он, наверное,"" сидит на диване и смотрит футбольный матч по телевизору.",ФИБИ,1
2021-07-17-08:38:44,925218203,Кто твоя жена?,"ЧЕНДЛЕР:  Я не женат. И есть некоторые проблемы с границами, вы знаете эти огромные дворы и кухни внизу.",ЧЕНДЛЕР,1
2021-07-17-08:38:57,334292330,Купи гараж,"ФИБИ:  О, это хорошая идея!",ФИБИ,1
2021-07-17-08:39:01,925218203,Как ты относишься к Россу?,"ЧЕНДЛЕР:  Я не знаю, что сказать. Это самая странная вещь в мире.",ЧЕНДЛЕР,0
2021-07-17-08:39:08,925218203,Как ты относишься к Россу?,"ЧЕНДЛЕР:  Он не выживет, он застрял в Чикаго.",ЧЕНДЛЕР,1
2021-07-17-08:39:19,925218203,Как ты относишься к Монике?,"ЧЕНДЛЕР:  Я знаю, что она не хотела устраивать это безумие с Ричардом. Но когда он сказал ""шесть"", я понял!",ЧЕНДЛЕР,1
2021-07-17-08:39:31,925218203,Как ты относишься к Ричарду?,"ЧЕНДЛЕР:  Ну, Ричард не был таким уж странным парнем. Он познакомил меня со многими женщинами.",ЧЕНДЛЕР,1
2021-07-17-08:39:40,925218203,Как ты относишься к Рейчел?,"ЧЕНДЛЕР:  Она милая, забавная и понимает тебя.",ЧЕНДЛЕР,1
2021-07-17-08:39:44,334292330,Кто такая Фиби?,ФИБИ:  Моя соседка по комнате.,ФИБИ,0
2021-07-17-08:39:52,334292330,Ты кто,ФИБИ:  Моя подруга Марджори играет на стальных барабанах.,ФИБИ,0
2021-07-17-08:40:10,334292330,С кем ты живёшь?,ФИБИ:  Я одна из мам Бена. А теперь давайте не будем этого делать!,ФИБИ,0
2021-07-17-08:40:43,334292330,Надо завязывать с алкоголем!,"ФИБИ:  Да, я собираюсь сделать кому-нибудь лучший подарок на день рождения - это отличный учитель. Что ж… Я не буду единственным парнем в этом здании.",ФИБИ,0
2021-07-17-08:41:46,334292330,Да что ты говоришь?,"МОНИКА:  Я сказал ей, чтобы она поосторожнее. Она должна знать!",МОНИКА,0
2021-07-17-08:42:05,267325601,H,"ДЖОУИ:  Я бы сказал вам, но они заставили меня пообещать не рассказывать!",ДЖОУИ,0
2021-07-17-08:42:11,334292330,Пухляш,"МОНИКА:  Он меня просто переворачивал, и я перестала храпеть.",МОНИКА,1
2021-07-17-08:50:31,269056560,Расскажи про палеонтологию,"РОСС:  Наука, которая занимается поиском внеземных форм жизни. Пожалуйста помогите нам! У нас нет няни.",РОСС,1
2021-07-17-08:59:04,137443218,я хочу есть,"РЕЙЧЕЛ:  Росс, это тост. За прекрасных дам!",РЕЙЧЕЛ,1
2021-07-17-08:59:06,137443218,я хочу есть,"РЕЙЧЕЛ:  Росс, это тост. За прекрасных дам!",РЕЙЧЕЛ,1
2021-07-17-08:59:18,137443218,Привет!,"ФИБИ:  О, я только что подумал об идеальном парне. Который не похож на других парней.",ФИБИ,1
2021-07-17-08:59:32,580389561,Кто твой парень?,"РЕЙЧЕЛ:  Росс назвал мое имя. Мое счастливое платье не шло мне на пользу, но в ту секунду я был счастлив как никогда раньше.",РЕЙЧЕЛ,0
2021-07-17-08:59:49,137443218,куда,ФИБИ:  Это не моя мама. Моя умерла.,ФИБИ,1
2021-07-17-08:59:56,580389561,Что сегодня на ужин?,"ДЖОУИ:  Мясное ассорти, мороженое. А что еще у тебя было?!",ДЖОУИ,1
2021-07-17-09:00:54,137443218,хорошо,"ДЖОУИ:  Эй-эй, не смотри на меня! Это мое прослушивание.",ДЖОУИ,1
2021-07-17-09:00:55,137443218,хорошо,"ДЖОУИ:  Эй-эй, не смотри на меня! Это мое прослушивание.",ДЖОУИ,1
2021-07-17-09:01:17,1434706174,Привет!,ДЖОУИ:  Я буду держать бак в чистоте.,ДЖОУИ,1
2021-07-17-09:01:54,1293537025,Привет!,"ЧЕНДЛЕР:  Я не знаю, почему мы чаще тусуемся с семейными парами.",ЧЕНДЛЕР,0
2021-07-17-09:01:56,1434706174,Привет!,"ДЖОУИ:  Эй, а как пишется подозрительно?",ДЖОУИ,1
2021-07-17-09:01:59,758215151,Что пожелаешь участникам смены?,"РОСС:  Ой, спасибо.",РОСС,0
2021-07-17-09:02:12,758215151,Пожелай ребятам удачи,"РОСС:  Эй, пожелайте им счастливого Рождества.",РОСС,0
2021-07-17-09:02:51,81969362,Привет!,"ФИБИ:  Ой, посмотрите на это.",ФИБИ,1
2021-07-17-09:02:53,758215151,Пожелай мне удачи,"РОСС:  Ладно, это не соревнование.",РОСС,0
2021-07-17-09:06:04,255547109,Сколько будет 2+3,"РОСС:  Два, Три… Четыре!",РОСС,1
2021-07-17-09:06:16,255547109,Сколько будет два плюс два,"РОСС:  Вы знаете, мы закончили обниматься.",РОСС,1
2021-07-17-09:17:19,353852664,Что ты думаешь о Тёме?,"РЕЙЧЕЛ:  Я думаю, он забавный. Думаю я.",РЕЙЧЕЛ,1
2021-07-17-09:17:44,353852664,Что ты думаешь о Тёме?,МОНИКА:  Нулевой час. Пора спать.,МОНИКА,0
2021-07-17-09:17:58,353852664,Что ты думаешь о Тёме?,"ДЖОУИ:  Я думаю, он злится на нас.",ДЖОУИ,1
2021-07-17-09:18:06,424471661,Привет!,"ЧЕНДЛЕР:  О, нет-нетnо. Вы не поняли историю?",ЧЕНДЛЕР,0
2021-07-17-09:18:19,353852664,Что ты думаешь о Тёме?,ФИБИ:  Он милый.,ФИБИ,1
2021-07-17-09:18:35,424471661,Как прошёл день?,"ЧЕНДЛЕР:  Я не знаю, Моника должна быть на игре Wizzards-Knicks с Риком.</small>НЕ ДЕЙСТВУЕТ",ЧЕНДЛЕР,0
2021-07-17-09:18:41,353852664,Что ты думаешь о Тёме?,РОСС:  Он молодец.,РОСС,1
2021-07-17-09:18:55,353852664,Что ты думаешь о Тёме?,"ЧЕНДЛЕР:  Я думаю, он классный и милый.",ЧЕНДЛЕР,1
2021-07-17-09:18:58,353852664,Что ты думаешь о Тёме?,"ЧЕНДЛЕР:  Я думаю, он классный и милый.",ЧЕНДЛЕР,1
2021-07-17-09:19:31,424471661,Хочешь пойти в central perk?,"ЧЕНДЛЕР:  Нет, спасибо. Я только что заказал латте.",ЧЕНДЛЕР,1
2021-07-17-09:20:07,424471661,Может тогда хочешь крендель?,"ЧЕНДЛЕР:  Нет-нет, ты прав. Я никогда не смогу тебе солгать.",ЧЕНДЛЕР,0
2021-07-17-09:21:33,334292330,Ты любишь американские горки?,"МОНИКА:  Не могу поверить, что я здесь.",МОНИКА,1
2021-07-17-09:21:48,334292330,Может адреналин?,"МОНИКА:  Ага, он самый. Вы не знаете систему!",МОНИКА,0
2021-07-17-09:22:27,334292330,Попозавр это такой динозавр,"РОСС:  Ну, а у тебя остался костюм Санты?",РОСС,0
2021-07-17-09:22:56,334292330,Неа,"РОСС:  Я знаю, что вы хотели связать меня с моим отцом - возможно ли забыть о нем?",РОСС,0
2021-07-17-09:23:18,334292330,Палеонтология это скучно,"РОСС:  Эй, я слышал о помолвке.",РОСС,0
2021-07-17-09:23:31,334292330,Как Рейчел?,"РОСС:  Ой, она не думала… Она вообще мало что делает. Вы знаете мою сестру.",РОСС,1
2021-07-17-09:23:41,334292330,Моника обиделась,"РОСС:  Нет, это я устроил.",РОСС,0
2021-07-17-09:30:55,36271828,Купи мне машину,"МОНИКА:  Я думал, ты сказал ""да"".",МОНИКА,0
2021-07-17-09:44:43,1282116894,Привет!,"ЧЕНДЛЕР:  Я просто хотел, чтобы они услышали это от кого-нибудь еще.",ЧЕНДЛЕР,1
2021-07-17-09:45:28,1282116894,"Привет, Чендлер",ЧЕНДЛЕР:  Да-да. Знаешь что? Мне не очень комфортно разговаривать с женщинами.,ЧЕНДЛЕР,1
2021-07-17-09:50:51,334292330,Давай поиграем?,РОСС:  Вы знаете песню!,РОСС,0
2021-07-17-09:51:14,334292330,"Вонючий кот, вонючий кот!",РОСС:  Это мои усики. Они не должны выходить за пределы черепа.,РОСС,1
2021-07-17-09:51:30,334292330,Усики?,РОСС:  Это встроено в цену комнаты.,РОСС,1
2021-07-17-09:51:47,334292330,На улице жара!,"РОСС:  Это, наверное. Я выбегу и принесу нам завтрак.",РОСС,1
2021-07-17-09:52:28,334292330,Ископаемые такие старые,"РОСС:  Да ладно, это не библиотека. Это куча ископаемых.",РОСС,1
2021-07-17-09:52:47,334292330,Ты такой старый,"РОСС:  Послушайте, мне не нужно отвечать на ваши вопросы! Это полностью ваша вина. Вы должны были сделать больше снимков Эммы.",РОСС,0
2021-07-17-09:53:05,334292330,Сфотографируй меня!,"РОСС:  Вы не возражаете, если я проверю дождь?",РОСС,0
2021-07-17-09:53:27,334292330,Хочу в гей клуб,"РОСС:  Не хочешь - не надо. Это ваше право, как поступить со своей жизнью и своим будущим.",РОСС,1
2021-07-17-09:54:09,334292330,Мне надо в туалет!,"РОСС:  Ну, если ты не против. Я пойду поищу место для своей новой лампы.",РОСС,1
2021-07-17-09:54:27,334292330,Нихао,"РОСС:  Я знаю, это первый раз на всю жизнь. Второй брак? Третий тоже не пойдет.",РОСС,0
2021-07-17-09:54:56,334292330,I'm in the mood,РОСС:  Я в творческом отпуске!,РОСС,1
2021-07-17-09:55:06,334292330,Буква Ю,"РОСС:  Я не знаю, что сказать. Вы переспали с моей сестрой?",РОСС,0
2021-07-17-09:55:27,185522718,Привет!,"РЕЙЧЕЛ:  Ну что, вы нервничаете?",РЕЙЧЕЛ,1
2021-07-17-09:55:38,334292330,Как жить?,РОСС:  Вы должны научиться ездить на велосипеде!,РОСС,1
2021-07-17-09:56:03,334292330,"Я устал, сделаешь мне массаж?",РОСС:  Да-да. И скользить!,РОСС,0
2021-07-17-09:56:24,334292330,Привет!,"ДЖОУИ:  Я буду бутерброд с болонским соусом и ветчиной, а Росс будет кофе.",ДЖОУИ,1
2021-07-17-09:56:32,334292330,Сделай мне массаж,"ДЖОУИ:  Эй, не надо меня судить! Это ты влюблен в ее помощницу. Вы можете получить стул.",ДЖОУИ,0
2021-07-17-09:56:44,334292330,Ты такой горячий,ДЖОУИ:  Горячо?,ДЖОУИ,1
2021-07-17-09:56:48,240402844,Привет!,"ЧЕНДЛЕР:  Я знаю, ты прав.",ЧЕНДЛЕР,1
2021-07-17-09:57:15,240402844,Привет!,"МОНИКА:  Это гм, это хорошо. Но вот что странно - я ни разу не видел Рэйчел такой счастливой.",МОНИКА,0
2021-07-17-09:57:16,334292330,Горячо,"ДЖОУИ:  Ну, ты не целуешь маму друга! Вы просто смотрите вниз и видите белое. Это как если бы вы увидели свое фото в большом размере.",ДЖОУИ,0
2021-07-17-09:57:32,334292330,Что-то белое?,"ДЖОУИ:  Ага, это мои полотенца. И пушистые розовые!",ДЖОУИ,1
2021-07-17-09:57:49,334292330,Мясо или ананас?,ДЖОУИ:  Я за мясо!,ДЖОУИ,1
2021-07-17-09:58:09,334292330,Тогда горько будет,ДЖОУИ:  Я тоже!,ДЖОУИ,0
2021-07-17-09:58:12,240402844,Привет!,"ФИБИ:  О, я только что вспомнил. Это был мой друг Роджер.",ФИБИ,1
2021-07-17-09:58:23,334292330,Танцы или гимнастика?,"ДЖОУИ:  Ну, я не знаю о вас двоих и ваших историях любви. Но мне очень нравится танцевать с.",ДЖОУИ,1
2021-07-17-09:58:23,240402844,Привет!,ДЖОУИ:  Я только что разговаривал по телефону со своим агентом…,ДЖОУИ,1
2021-07-17-09:58:40,334292330,Спать или не спать?,ДЖОУИ:  Мне все равно.,ДЖОУИ,1
2021-07-17-09:58:41,240402844,Привет!,"ЧЕНДЛЕР:  Это так здорово, потому что Моника могла бы находиться в любом уголке земного шара.",ЧЕНДЛЕР,1
2021-07-17-10:06:49,456574680,Привет!,"МОНИКА:  Я здесь делаю прическу, макияж и прочее.",МОНИКА,1
2021-07-17-10:07:19,456574680,Он хорош?,"МОНИКА:  Ого, он действительно красный! Я имею в виду это как можно лучше. Понимаешь что к чему.",МОНИКА,1
2021-07-17-10:07:20,456574680,Он хорош?,"МОНИКА:  Ого, он действительно красный! Я имею в виду это как можно лучше. Понимаешь что к чему.",МОНИКА,1
2021-07-17-10:20:44,415713765,Привет!,"ЧЕНДЛЕР:  Я только что был в банке, и там была очень горячая кассирша. Она не просто хотела получить от меня деньги.",ЧЕНДЛЕР,1
2021-07-17-10:21:38,415713765,Что ещё умного скажешь?,"ЧЕНДЛЕР:  Я просто хочу, чтобы вы знали то. То есть я знаю многих ребят.",ЧЕНДЛЕР,0
2021-07-17-10:25:31,646604699,Привет!,"ЧЕНДЛЕР:  Я знаю, я мог бы сделать это и раньше. Послушайте меня внимательно.",ЧЕНДЛЕР,1
2021-07-17-10:25:55,646604699,Так,"ЧЕНДЛЕР:  Я знаю, это звучит безумно. Но мы в безопасности.",ЧЕНДЛЕР,1
2021-07-17-10:34:21,248956988,Привет!,"РОСС:  Вы знаете, что нам делать? У нас много маргариты.",РОСС,0
2021-07-17-10:34:50,248956988,Привет!,"МОНИКА:  Вы знаете, что ничего из этого с вами не происходило?",МОНИКА,1
2021-07-17-11:18:40,341126790,Привет!,"ФИБИ:  Я так рад, что ты смог приехать. У меня есть планы на вечер с Джоуи.",ФИБИ,1
2021-07-17-11:21:06,314440785,Пойдём гулять?,"ДЖОУИ:  Я просто, я скучаю по этим двум парням. И еще у меня будет лучший день.",ДЖОУИ,0
2021-07-17-11:21:19,314440785,Пойдём гулять?,"ДЖОУИ:  Я бы хотел показать тебе, но я только что уложил ее. Эй-эй! У тебя получилось уложить Эмму!?",ДЖОУИ,0
2021-07-17-11:21:32,314440785,Пойдём в кино?,"ДЖОУИ:  Я не могу пойти, Рэйч. Мой агент только что позвонил мне на прослушивание.",ДЖОУИ,1
2021-07-17-11:21:44,314440785,Я не Рэйч,"ДЖОУИ:  Тогда, может быть - ну знаете что? Может это и к лучшему.",ДЖОУИ,1
2021-07-17-11:22:01,314440785,"Ладно, до свидания",ДЖОУИ:  Эй-эй. Я тоже пойду!,ДЖОУИ,1
2021-07-17-11:22:10,314440785,"Ладно, я останусь",ДЖОУИ:  Эй! Вы хотите чего-нибудь серьезного.,ДЖОУИ,1
2021-07-17-11:24:00,415713765,Привет,"ЧЕНДЛЕР:  Итак, как вам понравился спектакль?",ЧЕНДЛЕР,1
2021-07-17-11:24:12,415713765,Хорошо,"ЧЕНДЛЕР:  Да, я имею в виду обувь. Вы смотрите на голых женщин племени?",ЧЕНДЛЕР,0
2021-07-17-11:24:27,415713765,"Приятель, ты бредишь?",ЧЕНДЛЕР:  Нет-нет. Я просто пытался придумать способ сказать тебе это.,ЧЕНДЛЕР,1
2021-07-17-11:37:52,153419762,Кем ты работаешь?,"ЧЕНДЛЕР:  Я пишу для New Yorker, и мне нравится то место.",ЧЕНДЛЕР,1
2021-07-17-11:39:03,153419762,А как к чендлеру?,"РЕЙЧЕЛ:  Ну, я думал об этом. Понимаешь что - ты больше не будешь тем парнем из фильма ""Один дома"". Теперь это мой стул!</s",РЕЙЧЕЛ,1
2021-07-17-11:39:05,153419762,А как к чендлеру?,"РЕЙЧЕЛ:  Ну, я думал об этом. Понимаешь что - ты больше не будешь тем парнем из фильма ""Один дома"". Теперь это мой стул!</s",РЕЙЧЕЛ,0
2021-07-17-11:39:58,153419762,Как ты относишься к рейчел?,"РОСС:  Хорошо, я выхожу. Кори Уэстон была влюблена в меня!",РОСС,0
2021-07-17-11:41:44,153419762,Привет!,ЧЕНДЛЕР:  Это мистер Гарибальди играет на пианино.,ЧЕНДЛЕР,0
2021-07-17-13:18:40,920887001,Привет!,"МОНИКА:  Это гм, это хорошо. Просто скажи мне одну из своих.",МОНИКА,0
2021-07-17-13:18:54,920887001,соу,МОНИКА:  Это было так здорово. Я не знаю Монику.,МОНИКА,0
2021-07-17-13:20:52,920887001,хорошая погода,"ЧЕНДЛЕР:  Я просто знаю много мелочей о курении в разных штатах. Итак, вы можете сказать мне кое-что об этих местах?",ЧЕНДЛЕР,1
2021-07-17-15:45:32,341126790,Какие?,"ФИБИ:  Я знаю, во сколько сказали Честер и Марсия.",ФИБИ,0
2021-07-17-17:00:15,357882935,Привет!,"РЕЙЧЕЛ:  Ну, знаешь что? Я думал об этом. Да ладно тебе беспокоиться о том впечатлении я произведу на тебя или твоих друзей.",РЕЙЧЕЛ,0
